<?xml version="1.0" encoding="UTF-8" standalone="no"?>
<database name="chouette_v17" schema="chouette" type="PostgreSQL - 8.3.8">
   <tables>
      <table name="accesslink" remarks="Access Link" schema="chouette" type="TABLE">
         <column autoUpdated="true" defaultValue="nextval('accesslink_id_seq'::regclass)" digits="0" id="0" name="id" nullable="false" remarks="Internal identification" size="19" type="bigserial"/>
         <column autoUpdated="false" digits="0" id="1" name="objectid" nullable="false" remarks="Neptune identification" size="255" type="varchar"/>
         <column autoUpdated="false" digits="0" id="2" name="objectversion" nullable="true" remarks="Version of this object" size="10" type="int4"/>
         <column autoUpdated="false" digits="6" id="3" name="creationtime" nullable="true" remarks="Creation date and time" size="29" type="timestamp"/>
         <column autoUpdated="false" digits="0" id="4" name="creatorid" nullable="true" remarks="Creator identification" size="255" type="varchar"/>
         <column autoUpdated="false" digits="0" id="5" name="name" nullable="true" remarks="Name" size="255" type="varchar"/>
         <column autoUpdated="false" digits="0" id="6" name="comment" nullable="true" remarks="Comment" size="255" type="varchar"/>
         <column autoUpdated="false" digits="2" id="7" name="linkdistance" nullable="true" remarks="Distance between AccesPoint and StopArea" size="19" type="numeric"/>
         <column autoUpdated="false" digits="0" id="8" name="liftavailability" nullable="true" remarks="Indicate if a lift is available" size="1" type="bool"/>
         <column autoUpdated="false" digits="0" id="9" name="mobilityrestrictedsuitability" nullable="true" remarks="Indicate if the link is suitable for mobility restricted persons" size="1" type="bool"/>
         <column autoUpdated="false" digits="0" id="10" name="stairsavailability" nullable="true" remarks="Indicate if stairs are available" size="1" type="bool"/>
         <column autoUpdated="false" digits="6" id="11" name="defaultduration" nullable="true" remarks="Default duration to cross this link" size="15" type="time"/>
         <column autoUpdated="false" digits="6" id="12" name="frequenttravellerduration" nullable="true" remarks="Duration of travel for frequent travellers" size="15" type="time"/>
         <column autoUpdated="false" digits="6" id="13" name="occasionaltravellerduration" nullable="true" remarks="Duration of travel for occasional travellers" size="15" type="time"/>
         <column autoUpdated="false" digits="6" id="14" name="mobilityrestrictedtravellerduration" nullable="true" remarks="Duration of travel for mobility restricted travellers" size="15" type="time"/>
         <column autoUpdated="false" digits="0" id="15" name="linktype" nullable="true" remarks="Link type : Underground, Overground or Mixed" size="255" type="varchar"/>
         <column autoUpdated="false" digits="0" id="16" name="intuserneeds" nullable="true" remarks="binary mapping of userNeed list" size="10" type="int4"/>
         <column autoUpdated="false" digits="0" id="17" name="linkorientation" nullable="true" remarks="Link orientation : accesspoint_to_stoparea or stoparea_to_accesspoint" size="255" type="varchar"/>
         <column autoUpdated="false" digits="0" id="18" name="accesspointid" nullable="true" remarks="AccessPoint reference" size="19" type="int8">
            <parent column="id" foreignKey="aclk_acpt_fkey" implied="false" onDeleteCascade="true" table="accesspoint"/>
         </column>
         <column autoUpdated="false" digits="0" id="19" name="stopareaid" nullable="true" remarks="StopArea reference" size="19" type="int8">
            <parent column="id" foreignKey="aclk_area_fkey" implied="false" onDeleteCascade="true" table="stoparea"/>
         </column>
         <primaryKey column="id" sequenceNumberInPK="1"/>
         <index name="accesslink_pkey" unique="true">
            <column ascending="true" name="id"/>
         </index>
         <index name="accesslink_objectid_key" unique="true">
            <column ascending="true" name="objectid"/>
         </index>
      </table>
      <table name="accesspoint" remarks="Access point" schema="chouette" type="TABLE">
         <column autoUpdated="true" defaultValue="nextval('accesspoint_id_seq'::regclass)" digits="0" id="0" name="id" nullable="false" remarks="Internal identification" size="19" type="bigserial">
            <child column="accesspointid" foreignKey="aclk_acpt_fkey" implied="false" onDeleteCascade="true" table="accesslink"/>
         </column>
         <column autoUpdated="false" digits="0" id="1" name="objectid" nullable="false" remarks="Neptune identification" size="255" type="varchar"/>
         <column autoUpdated="false" digits="0" id="2" name="objectversion" nullable="true" remarks="Version of this object" size="10" type="int4"/>
         <column autoUpdated="false" digits="6" id="3" name="creationtime" nullable="true" remarks="Creation date and time" size="29" type="timestamp"/>
         <column autoUpdated="false" digits="0" id="4" name="creatorid" nullable="true" remarks="Creator identification" size="255" type="varchar"/>
         <column autoUpdated="false" digits="0" id="5" name="name" nullable="true" remarks="Name" size="255" type="varchar"/>
         <column autoUpdated="false" digits="0" id="6" name="comment" nullable="true" remarks="Comment" size="255" type="varchar"/>
         <column autoUpdated="false" digits="0" id="7" name="countrycode" nullable="true" remarks="Zip code" size="255" type="varchar"/>
         <column autoUpdated="false" digits="0" id="8" name="streetname" nullable="true" remarks="Address" size="255" type="varchar"/>
         <column autoUpdated="false" digits="16" id="9" name="longitude" nullable="true" remarks="Longitude" size="19" type="numeric"/>
         <column autoUpdated="false" digits="16" id="10" name="latitude" nullable="true" remarks="Latitude" size="19" type="numeric"/>
         <column autoUpdated="false" digits="0" id="11" name="longlattype" nullable="true" remarks="Model used for Longitude and Latitude (Standard, WGS84 or WGS92)" size="255" type="varchar"/>
         <column autoUpdated="false" digits="2" id="12" name="x" nullable="true" remarks="X coordinate" size="19" type="numeric"/>
         <column autoUpdated="false" digits="2" id="13" name="y" nullable="true" remarks="Y coordinate" size="19" type="numeric"/>
         <column autoUpdated="false" digits="0" id="14" name="projectiontype" nullable="true" remarks="Projection used for coordinates" size="255" type="varchar"/>
         <column autoUpdated="false" digits="0" id="15" name="containedin" nullable="true" remarks="Unused data" size="255" type="varchar"/>
         <column autoUpdated="false" digits="6" id="16" name="openningtime" nullable="true" remarks="Opening time" size="29" type="timestamp"/>
         <column autoUpdated="false" digits="6" id="17" name="closingtime" nullable="true" remarks="Closing time" size="29" type="timestamp"/>
         <column autoUpdated="false" digits="0" id="18" name="type" nullable="true" remarks="Access Point Type : free description" size="255" type="varchar"/>
         <column autoUpdated="false" digits="0" id="19" name="liftavailability" nullable="true" remarks="Indicate if a lift is available" size="1" type="bool"/>
         <column autoUpdated="false" digits="0" id="20" name="mobilityrestrictedsuitability" nullable="true" remarks="Indicate if the link is suitable for mobility restricted persons" size="1" type="bool"/>
         <column autoUpdated="false" digits="0" id="21" name="stairsavailability" nullable="true" remarks="Indicate if stairs are available" size="1" type="bool"/>
         <primaryKey column="id" sequenceNumberInPK="1"/>
         <index name="accesspoint_pkey" unique="true">
            <column ascending="true" name="id"/>
         </index>
         <index name="accesspoint_objectid_key" unique="true">
            <column ascending="true" name="objectid"/>
         </index>
      </table>
      <table name="company" remarks="company operating a public transport service" schema="chouette" type="TABLE">
         <column autoUpdated="true" defaultValue="nextval('company_id_seq'::regclass)" digits="0" id="0" name="id" nullable="false" remarks="Internal identification" size="19" type="bigserial">
            <child column="companyid" foreignKey="line_company_fkey" implied="false" onDeleteCascade="false" table="line"/>
            <child column="companyid" foreignKey="vj_company_fkey" implied="false" onDeleteCascade="false" table="vehiclejourney"/>
         </column>
         <column autoUpdated="false" digits="0" id="1" name="objectid" nullable="false" remarks="Neptune identification" size="255" type="varchar"/>
         <column autoUpdated="false" defaultValue="1" digits="0" id="2" name="objectversion" nullable="true" remarks="Version of this object" size="10" type="int4"/>
         <column autoUpdated="false" digits="6" id="3" name="creationtime" nullable="true" remarks="Creation date and time" size="29" type="timestamp"/>
         <column autoUpdated="false" digits="0" id="4" name="creatorid" nullable="true" remarks="Creator identification" size="255" type="varchar"/>
         <column autoUpdated="false" digits="0" id="5" name="name" nullable="true" remarks="Name" size="255" type="varchar"/>
         <column autoUpdated="false" digits="0" id="6" name="shortname" nullable="true" remarks="Short name" size="255" type="varchar"/>
         <column autoUpdated="false" digits="0" id="7" name="organizationalunit" nullable="true" remarks="Organizational Unit" size="255" type="varchar"/>
         <column autoUpdated="false" digits="0" id="8" name="operatingdepartmentname" nullable="true" remarks="Operating department" size="255" type="varchar"/>
         <column autoUpdated="false" digits="0" id="9" name="code" nullable="true" remarks="Zip code" size="255" type="varchar"/>
         <column autoUpdated="false" digits="0" id="10" name="phone" nullable="true" remarks="Phone number" size="255" type="varchar"/>
         <column autoUpdated="false" digits="0" id="11" name="fax" nullable="true" remarks="FAX number" size="255" type="varchar"/>
         <column autoUpdated="false" digits="0" id="12" name="email" nullable="true" remarks="Email" size="255" type="varchar"/>
         <column autoUpdated="false" digits="0" id="13" name="registrationnumber" nullable="true" remarks="Registration number" size="255" type="varchar"/>
         <primaryKey column="id" sequenceNumberInPK="1"/>
         <index name="company_pkey" unique="true">
            <column ascending="true" name="id"/>
         </index>
         <index name="company_objectid_key" unique="true">
            <column ascending="true" name="objectid"/>
         </index>
      </table>
      <table name="connectionlink" remarks="Connection link between 2 stopareas" schema="chouette" type="TABLE">
         <column autoUpdated="true" defaultValue="nextval('connectionlink_id_seq'::regclass)" digits="0" id="0" name="id" nullable="false" remarks="Internal identification" size="19" type="bigserial">
            <child column="connectionlinkid" foreignKey="faci_colk_fkey" implied="false" onDeleteCascade="true" table="facility"/>
         </column>
         <column autoUpdated="false" digits="0" id="1" name="objectid" nullable="false" remarks="Neptune identification" size="255" type="varchar"/>
         <column autoUpdated="false" defaultValue="1" digits="0" id="2" name="objectversion" nullable="true" remarks="Version of this object" size="10" type="int4"/>
         <column autoUpdated="false" digits="6" id="3" name="creationtime" nullable="true" remarks="Creation date and time" size="29" type="timestamp"/>
         <column autoUpdated="false" digits="0" id="4" name="creatorid" nullable="true" remarks="Creator identification" size="255" type="varchar"/>
         <column autoUpdated="false" digits="0" id="5" name="name" nullable="true" remarks="Name" size="255" type="varchar"/>
         <column autoUpdated="false" digits="0" id="6" name="comment" nullable="true" remarks="Comment" size="255" type="varchar"/>
         <column autoUpdated="false" digits="2" id="7" name="linkdistance" nullable="true" remarks="Distance between StopAreas" size="19" type="numeric"/>
         <column autoUpdated="false" digits="0" id="8" name="departureid" nullable="true" remarks="Start stoparea internal id" size="19" type="int8">
            <parent column="id" foreignKey="colk_startarea_fkey" implied="false" onDeleteCascade="true" table="stoparea"/>
         </column>
         <column autoUpdated="false" digits="0" id="9" name="arrivalid" nullable="true" remarks="End stoparea internal id" size="19" type="int8">
            <parent column="id" foreignKey="colk_endarea_fkey" implied="false" onDeleteCascade="true" table="stoparea"/>
         </column>
         <column autoUpdated="false" digits="0" id="10" name="liftavailability" nullable="true" remarks="Indicate if a lift is available" size="1" type="bool"/>
         <column autoUpdated="false" digits="0" id="11" name="mobilityrestrictedsuitability" nullable="true" remarks="Indicate if the link is suitable for mobility restricted persons" size="1" type="bool"/>
         <column autoUpdated="false" digits="0" id="12" name="stairsavailability" nullable="true" remarks="Indicate if stairs are available" size="1" type="bool"/>
         <column autoUpdated="false" digits="6" id="13" name="defaultduration" nullable="true" remarks="average duration of travel" size="15" type="time"/>
         <column autoUpdated="false" digits="6" id="14" name="frequenttravellerduration" nullable="true" remarks="duration of travel for frequent traveller" size="15" type="time"/>
         <column autoUpdated="false" digits="6" id="15" name="occasionaltravellerduration" nullable="true" remarks="duration of travel for occasional traveler" size="15" type="time"/>
         <column autoUpdated="false" digits="6" id="16" name="mobilityrestrictedtravellerduration" nullable="true" remarks="duration of travel for mobiliy restricted traveller" size="15" type="time"/>
         <column autoUpdated="false" digits="0" id="17" name="linktype" nullable="true" remarks="Type (Underground,Overground or Mixed)" size="255" type="varchar"/>
         <column autoUpdated="false" digits="0" id="18" name="intuserneeds" nullable="true" remarks="binary mapping of userNeed list" size="10" type="int4"/>
         <primaryKey column="id" sequenceNumberInPK="1"/>
         <index name="connectionlink_pkey" unique="true">
            <column ascending="true" name="id"/>
         </index>
      </table>
      <table name="facility" remarks="Facility" schema="chouette" type="TABLE">
         <column autoUpdated="true" defaultValue="nextval('facility_id_seq'::regclass)" digits="0" id="0" name="id" nullable="false" remarks="Internal identification" size="19" type="bigserial">
            <child column="facilityid" foreignKey="facility_feature_fkey" implied="false" onDeleteCascade="true" table="facilityfeature"/>
         </column>
         <column autoUpdated="false" digits="0" id="1" name="objectid" nullable="false" remarks="Neptune identification" size="255" type="varchar"/>
         <column autoUpdated="false" digits="0" id="2" name="objectversion" nullable="true" remarks="Version of this object" size="10" type="int4"/>
         <column autoUpdated="false" digits="6" id="3" name="creationtime" nullable="true" remarks="Creation date and time" size="29" type="timestamp"/>
         <column autoUpdated="false" digits="0" id="4" name="creatorid" nullable="true" remarks="Creator identification" size="255" type="varchar"/>
         <column autoUpdated="false" digits="0" id="5" name="name" nullable="true" remarks="Name" size="255" type="varchar"/>
         <column autoUpdated="false" digits="0" id="6" name="comment" nullable="true" remarks="Comment" size="255" type="varchar"/>
         <column autoUpdated="false" digits="0" id="7" name="stopareaid" nullable="true" remarks="StopArea reference" size="19" type="int8">
            <parent column="id" foreignKey="faci_area_fkey" implied="false" onDeleteCascade="true" table="stoparea"/>
         </column>
         <column autoUpdated="false" digits="0" id="8" name="lineid" nullable="true" remarks="Line reference" size="19" type="int8">
            <parent column="id" foreignKey="faci_line_fkey" implied="false" onDeleteCascade="true" table="line"/>
         </column>
         <column autoUpdated="false" digits="0" id="9" name="connectionlinkid" nullable="true" remarks="ConnectionLink reference" size="19" type="int8">
            <parent column="id" foreignKey="faci_colk_fkey" implied="false" onDeleteCascade="true" table="connectionlink"/>
         </column>
         <column autoUpdated="false" digits="0" id="10" name="stoppointid" nullable="true" remarks="StopPoint reference" size="19" type="int8">
            <parent column="id" foreignKey="faci_stpt_fkey" implied="false" onDeleteCascade="true" table="stoppoint"/>
         </column>
         <column autoUpdated="false" digits="0" id="11" name="description" nullable="true" remarks="Facility description" size="255" type="varchar"/>
         <column autoUpdated="false" digits="0" id="12" name="freeaccess" nullable="true" remarks="Indicate if facility is on free (true) or restricted(false) access" size="1" type="bool"/>
         <column autoUpdated="false" digits="16" id="13" name="longitude" nullable="true" remarks="Longitude" size="19" type="numeric"/>
         <column autoUpdated="false" digits="16" id="14" name="latitude" nullable="true" remarks="Latitude" size="19" type="numeric"/>
         <column autoUpdated="false" digits="0" id="15" name="longlattype" nullable="true" remarks="Model used for Longitude and Latitude (Standard, WGS84 or WGS92)" size="255" type="varchar"/>
         <column autoUpdated="false" digits="0" id="16" name="countrycode" nullable="true" remarks="Zip code" size="255" type="varchar"/>
         <column autoUpdated="false" digits="0" id="17" name="streetname" nullable="true" remarks="Address" size="255" type="varchar"/>
         <column autoUpdated="false" digits="2" id="18" name="x" nullable="true" remarks="X coordinate" size="19" type="numeric"/>
         <column autoUpdated="false" digits="2" id="19" name="y" nullable="true" remarks="Y coordinate" size="19" type="numeric"/>
         <column autoUpdated="false" digits="0" id="20" name="projectiontype" nullable="true" remarks="Projection used for coordinates" size="255" type="varchar"/>
         <column autoUpdated="false" digits="0" id="21" name="containedin" nullable="true" remarks="" size="255" type="varchar"/>
         <primaryKey column="id" sequenceNumberInPK="1"/>
         <index name="facility_pkey" unique="true">
            <column ascending="true" name="id"/>
         </index>
         <index name="facility_objectid_key" unique="true">
            <column ascending="true" name="objectid"/>
         </index>
      </table>
      <table name="facilityfeature" remarks="Facility Features secondary table" schema="chouette" type="TABLE">
         <column autoUpdated="false" digits="0" id="0" name="facilityid" nullable="false" remarks="Facility reference" size="19" type="int8">
            <parent column="id" foreignKey="facility_feature_fkey" implied="false" onDeleteCascade="true" table="facility"/>
         </column>
         <column autoUpdated="false" digits="0" id="1" name="choicecode" nullable="true" remarks="encoded value for facility" size="10" type="int4"/>
         <index name="idx_facility_id" unique="false">
            <column ascending="true" name="facilityid"/>
         </index>
      </table>
      <table name="groupofline" remarks="group of lines" schema="chouette" type="TABLE">
         <column autoUpdated="true" defaultValue="nextval('groupofline_id_seq'::regclass)" digits="0" id="0" name="id" nullable="false" remarks="Internal identification" size="19" type="bigserial">
            <child column="groupoflineid" foreignKey="groupofline_group_fkey" implied="false" onDeleteCascade="true" table="groupofline_line"/>
            <child column="groupoflineid" foreignKey="line_glines_fkey" implied="false" onDeleteCascade="false" table="line"/>
         </column>
         <column autoUpdated="false" digits="0" id="1" name="objectid" nullable="false" remarks="Neptune identification" size="255" type="varchar"/>
         <column autoUpdated="false" digits="0" id="2" name="objectversion" nullable="true" remarks="Version of this object" size="10" type="int4"/>
         <column autoUpdated="false" digits="6" id="3" name="creationtime" nullable="true" remarks="Creation date and time" size="29" type="timestamp"/>
         <column autoUpdated="false" digits="0" id="4" name="creatorid" nullable="true" remarks="Creator identification" size="255" type="varchar"/>
         <column autoUpdated="false" digits="0" id="5" name="name" nullable="true" remarks="Name" size="255" type="varchar"/>
         <column autoUpdated="false" digits="0" id="6" name="comment" nullable="true" remarks="Comment" size="255" type="varchar"/>
         <primaryKey column="id" sequenceNumberInPK="1"/>
         <index name="groupofline_pkey" unique="true">
            <column ascending="true" name="id"/>
         </index>
         <index name="groupofline_objectid_key" unique="true">
            <column ascending="true" name="objectid"/>
         </index>
      </table>
      <table name="groupofline_line" remarks="Lines affected to groupOfLines" schema="chouette" type="TABLE">
         <column autoUpdated="false" digits="0" id="0" name="groupoflineid" nullable="false" remarks="GroupOfLine reference" size="19" type="int8">
            <parent column="id" foreignKey="groupofline_group_fkey" implied="false" onDeleteCascade="true" table="groupofline"/>
         </column>
         <column autoUpdated="false" digits="0" id="1" name="lineid" nullable="false" remarks="Line reference" size="19" type="int8">
            <parent column="id" foreignKey="groupofline_line_fkey" implied="false" onDeleteCascade="true" table="line"/>
         </column>
         <primaryKey column="groupoflineid" sequenceNumberInPK="1"/>
         <primaryKey column="lineid" sequenceNumberInPK="2"/>
         <index name="groupofline_line_pkey" unique="true">
            <column ascending="true" name="groupoflineid"/>
            <column ascending="true" name="lineid"/>
         </index>
         <index name="idx_grli_gr" unique="false">
            <column ascending="true" name="groupoflineid"/>
         </index>
         <index name="idx_grli_li" unique="false">
            <column ascending="true" name="lineid"/>
         </index>
      </table>
      <table name="journeypattern" remarks="Journey pattern" schema="chouette" type="TABLE">
         <column autoUpdated="true" defaultValue="nextval('journeypattern_id_seq'::regclass)" digits="0" id="0" name="id" nullable="false" remarks="Internal identification" size="19" type="bigserial">
            <child column="journeypatternid" foreignKey="jpsp_jp_fkey" implied="false" onDeleteCascade="true" table="journeypattern_stoppoint"/>
            <child column="journeypatternid" foreignKey="vj_jp_fkey" implied="false" onDeleteCascade="true" table="vehiclejourney"/>
         </column>
         <column autoUpdated="false" digits="0" id="1" name="objectid" nullable="false" remarks="Neptune identification" size="255" type="varchar"/>
         <column autoUpdated="false" defaultValue="1" digits="0" id="2" name="objectversion" nullable="true" remarks="Version of this object" size="10" type="int4"/>
         <column autoUpdated="false" digits="6" id="3" name="creationtime" nullable="true" remarks="Creation date and time" size="29" type="timestamp"/>
         <column autoUpdated="false" digits="0" id="4" name="creatorid" nullable="true" remarks="Creator identification" size="255" type="varchar"/>
         <column autoUpdated="false" digits="0" id="5" name="name" nullable="true" remarks="Name" size="255" type="varchar"/>
         <column autoUpdated="false" digits="0" id="6" name="comment" nullable="true" remarks="Comment" size="255" type="varchar"/>
         <column autoUpdated="false" digits="0" id="7" name="registrationnumber" nullable="true" remarks="Registration number" size="255" type="varchar"/>
         <column autoUpdated="false" digits="0" id="8" name="publishedname" nullable="true" remarks="Public name for travelers" size="255" type="varchar"/>
         <column autoUpdated="false" digits="0" id="9" name="routeid" nullable="true" remarks="Route Reference" size="19" type="int8">
            <parent column="id" foreignKey="jp_route_fkey" implied="false" onDeleteCascade="true" table="route"/>
         </column>
         <primaryKey column="id" sequenceNumberInPK="1"/>
         <index name="journeypattern_pkey" unique="true">
            <column ascending="true" name="id"/>
         </index>
      </table>
      <table name="journeypattern_stoppoint" remarks="StopPoint on JourneyPattern cross reference" schema="chouette" type="TABLE">
         <column autoUpdated="false" digits="0" id="0" name="journeypatternid" nullable="false" remarks="JourneyPattern Reference" size="19" type="int8">
            <parent column="id" foreignKey="jpsp_jp_fkey" implied="false" onDeleteCascade="true" table="journeypattern"/>
         </column>
         <column autoUpdated="false" digits="0" id="1" name="stoppointid" nullable="false" remarks="StopPoint Reference" size="19" type="int8">
            <parent column="id" foreignKey="jpsp_stoppoint_fkey" implied="false" onDeleteCascade="true" table="stoppoint"/>
         </column>
         <index name="idx_jpsp_jpid" unique="false">
            <column ascending="true" name="journeypatternid"/>
         </index>
      </table>
      <table name="line" remarks="Public Transport Line" schema="chouette" type="TABLE">
         <column autoUpdated="true" defaultValue="nextval('line_id_seq'::regclass)" digits="0" id="0" name="id" nullable="false" remarks="Internal identification" size="19" type="bigserial">
            <child column="lineid" foreignKey="faci_line_fkey" implied="false" onDeleteCascade="true" table="facility"/>
            <child column="lineid" foreignKey="groupofline_line_fkey" implied="false" onDeleteCascade="true" table="groupofline_line"/>
            <child column="lineid" foreignKey="route_line_fkey" implied="false" onDeleteCascade="true" table="route"/>
            <child column="lineid" foreignKey="routingconstraint_line_fkey" implied="false" onDeleteCascade="true" table="routingconstraints_lines"/>
         </column>
         <column autoUpdated="false" digits="0" id="1" name="objectid" nullable="false" remarks="Neptune identification" size="255" type="varchar"/>
         <column autoUpdated="false" defaultValue="1" digits="0" id="2" name="objectversion" nullable="true" remarks="Version of this object" size="10" type="int4"/>
         <column autoUpdated="false" digits="6" id="3" name="creationtime" nullable="true" remarks="Creation date and time" size="29" type="timestamp"/>
         <column autoUpdated="false" digits="0" id="4" name="creatorid" nullable="true" remarks="Creator identification" size="255" type="varchar"/>
         <column autoUpdated="false" digits="0" id="5" name="name" nullable="true" remarks="Name" size="255" type="varchar"/>
         <column autoUpdated="false" digits="0" id="6" name="comment" nullable="true" remarks="Comment" size="255" type="varchar"/>
         <column autoUpdated="false" digits="0" id="7" name="number" nullable="true" remarks="Number of the line (characters)" size="255" type="varchar"/>
         <column autoUpdated="false" digits="0" id="8" name="publishedname" nullable="true" remarks="Public name for travelers" size="255" type="varchar"/>
         <column autoUpdated="false" digits="0" id="9" name="registrationnumber" nullable="true" remarks="Registration number" size="255" type="varchar"/>
         <column autoUpdated="false" digits="0" id="10" name="transportmodename" nullable="true" remarks="Transport Mode (Bus, Train, ...)" size="255" type="varchar"/>
         <column autoUpdated="false" digits="0" id="11" name="mobilityrestrictedsuitable" nullable="true" remarks="Indicate whenever the line is suitable for mobility restricted persons" size="1" type="bool"/>
         <column autoUpdated="false" digits="0" id="12" name="userneeds" nullable="true" remarks="bit encoded list of userneeds enum value" size="19" type="int8"/>
         <column autoUpdated="false" digits="0" id="13" name="ptnetworkid" nullable="true" remarks="PTNetwork reference" size="19" type="int8">
            <parent column="id" foreignKey="line_ptnetwork_fkey" implied="false" onDeleteCascade="false" table="ptnetwork"/>
         </column>
         <column autoUpdated="false" digits="0" id="14" name="companyid" nullable="true" remarks="Company reference" size="19" type="int8">
            <parent column="id" foreignKey="line_company_fkey" implied="false" onDeleteCascade="false" table="company"/>
         </column>
         <column autoUpdated="false" digits="0" id="15" name="groupoflineid" nullable="true" remarks="GroupOfLine reference" size="19" type="int8">
            <parent column="id" foreignKey="line_glines_fkey" implied="false" onDeleteCascade="false" table="groupofline"/>
         </column>
         <primaryKey column="id" sequenceNumberInPK="1"/>
         <index name="line_pkey" unique="true">
            <column ascending="true" name="id"/>
         </index>
      </table>
      <table name="ptlink" remarks="Link between two successive stop points on a same route" schema="chouette" type="TABLE">
         <column autoUpdated="true" defaultValue="nextval('ptlink_id_seq'::regclass)" digits="0" id="0" name="id" nullable="false" remarks="Internal identification" size="19" type="bigserial"/>
         <column autoUpdated="false" digits="0" id="1" name="objectid" nullable="false" remarks="Neptune identification" size="255" type="varchar"/>
         <column autoUpdated="false" digits="0" id="2" name="objectversion" nullable="true" remarks="Version of this object" size="10" type="int4"/>
         <column autoUpdated="false" digits="6" id="3" name="creationtime" nullable="true" remarks="Creation date and time" size="29" type="timestamp"/>
         <column autoUpdated="false" digits="0" id="4" name="creatorid" nullable="true" remarks="Creator identification" size="255" type="varchar"/>
         <column autoUpdated="false" digits="0" id="5" name="name" nullable="true" remarks="Name" size="255" type="varchar"/>
         <column autoUpdated="false" digits="0" id="6" name="comment" nullable="true" remarks="Comment" size="255" type="varchar"/>
         <column autoUpdated="false" digits="2" id="7" name="linkdistance" nullable="true" remarks="Distance between AccesPoint and StopArea" size="19" type="numeric"/>
         <column autoUpdated="false" digits="0" id="8" name="startoflinkid" nullable="true" remarks="Start StopPoint reference" size="19" type="int8">
            <parent column="id" foreignKey="ptlk_startstpt_fkey" implied="false" onDeleteCascade="false" table="stoppoint"/>
         </column>
         <column autoUpdated="false" digits="0" id="9" name="endoflinkid" nullable="true" remarks="End StopPoint reference" size="19" type="int8">
            <parent column="id" foreignKey="ptlk_endstpt_fkey" implied="false" onDeleteCascade="false" table="stoppoint"/>
         </column>
         <column autoUpdated="false" digits="0" id="10" name="routeid" nullable="true" remarks="Route reference" size="19" type="int8">
            <parent column="id" foreignKey="ptlink_route_fkey" implied="false" onDeleteCascade="true" table="route"/>
         </column>
         <primaryKey column="id" sequenceNumberInPK="1"/>
         <index name="ptlink_pkey" unique="true">
            <column ascending="true" name="id"/>
         </index>
         <index name="ptlink_objectid_key" unique="true">
            <column ascending="true" name="objectid"/>
         </index>
      </table>
      <table name="ptnetwork" remarks="Public Transport Network" schema="chouette" type="TABLE">
         <column autoUpdated="true" defaultValue="nextval('ptnetwork_id_seq'::regclass)" digits="0" id="0" name="id" nullable="false" remarks="Internal identification" size="19" type="bigserial">
            <child column="ptnetworkid" foreignKey="line_ptnetwork_fkey" implied="false" onDeleteCascade="false" table="line"/>
         </column>
         <column autoUpdated="false" digits="0" id="1" name="objectid" nullable="false" remarks="Neptune identification" size="255" type="varchar"/>
         <column autoUpdated="false" digits="0" id="2" name="objectversion" nullable="true" remarks="Version of this object" size="10" type="int4"/>
         <column autoUpdated="false" digits="6" id="3" name="creationtime" nullable="true" remarks="Creation date and time" size="29" type="timestamp"/>
         <column autoUpdated="false" digits="0" id="4" name="creatorid" nullable="true" remarks="Creator identification" size="255" type="varchar"/>
         <column autoUpdated="false" digits="0" id="5" name="versiondate" nullable="true" remarks="PTNetwork version date" size="13" type="date"/>
         <column autoUpdated="false" digits="0" id="6" name="description" nullable="true" remarks="description" size="255" type="varchar"/>
         <column autoUpdated="false" digits="0" id="7" name="name" nullable="true" remarks="Name" size="255" type="varchar"/>
         <column autoUpdated="false" digits="0" id="8" name="registrationnumber" nullable="true" remarks="Registration unique number" size="255" type="varchar"/>
         <column autoUpdated="false" digits="0" id="9" name="sourcename" nullable="true" remarks="data producer name" size="255" type="varchar"/>
         <column autoUpdated="false" digits="0" id="10" name="sourceidentifier" nullable="true" remarks="data producer identifier" size="255" type="varchar"/>
         <column autoUpdated="false" digits="0" id="11" name="comment" nullable="true" remarks="Comment" size="255" type="varchar"/>
         <primaryKey column="id" sequenceNumberInPK="1"/>
         <index name="ptnetwork_pkey" unique="true">
            <column ascending="true" name="id"/>
         </index>
         <index name="ptnetwork_objectid_key" unique="true">
            <column ascending="true" name="objectid"/>
         </index>
         <index name="ptnetwork_registrationnumber_key" unique="true">
            <column ascending="true" name="registrationnumber"/>
         </index>
      </table>
      <table name="route" remarks="Route" schema="chouette" type="TABLE">
         <column autoUpdated="true" defaultValue="nextval('route_id_seq'::regclass)" digits="0" id="0" name="id" nullable="false" remarks="Internal identification" size="19" type="bigserial">
            <child column="routeid" foreignKey="jp_route_fkey" implied="false" onDeleteCascade="true" table="journeypattern"/>
            <child column="routeid" foreignKey="ptlink_route_fkey" implied="false" onDeleteCascade="true" table="ptlink"/>
            <child column="routeid" foreignKey="stoppoint_route_fkey" implied="false" onDeleteCascade="true" table="stoppoint"/>
            <child column="routeid" foreignKey="vj_route_fkey" implied="false" onDeleteCascade="true" table="vehiclejourney"/>
         </column>
         <column autoUpdated="false" digits="0" id="1" name="objectid" nullable="false" remarks="Neptune identification" size="255" type="varchar"/>
         <column autoUpdated="false" digits="0" id="2" name="objectversion" nullable="true" remarks="Version of this object" size="10" type="int4"/>
         <column autoUpdated="false" digits="6" id="3" name="creationtime" nullable="true" remarks="Creation date and time" size="29" type="timestamp"/>
         <column autoUpdated="false" digits="0" id="4" name="creatorid" nullable="true" remarks="Creator identification" size="255" type="varchar"/>
         <column autoUpdated="false" digits="0" id="5" name="name" nullable="true" remarks="Name" size="255" type="varchar"/>
         <column autoUpdated="false" digits="0" id="6" name="oppositerouteid" nullable="true" remarks="Opposite route reference" size="19" type="int8"/>
         <column autoUpdated="false" digits="0" id="7" name="publishedname" nullable="true" remarks="Published name" size="255" type="varchar"/>
         <column autoUpdated="false" digits="0" id="8" name="number" nullable="true" remarks="Number" size="255" type="varchar"/>
         <column autoUpdated="false" digits="0" id="9" name="direction" nullable="true" remarks="Direction : North, East, ..." size="255" type="varchar"/>
         <column autoUpdated="false" digits="0" id="10" name="comment" nullable="true" remarks="Comment" size="255" type="varchar"/>
         <column autoUpdated="false" digits="0" id="11" name="wayback" nullable="true" remarks="Orientation : A or R" size="255" type="varchar"/>
         <column autoUpdated="false" digits="0" id="12" name="lineid" nullable="true" remarks="Line reference" size="19" type="int8">
            <parent column="id" foreignKey="route_line_fkey" implied="false" onDeleteCascade="true" table="line"/>
         </column>
         <primaryKey column="id" sequenceNumberInPK="1"/>
         <index name="route_pkey" unique="true">
            <column ascending="true" name="id"/>
         </index>
         <index name="route_objectid_key" unique="true">
            <column ascending="true" name="objectid"/>
         </index>
      </table>
      <table name="routingconstraints_lines" remarks="Routing constraint applicable on lines" schema="chouette" type="TABLE">
         <column autoUpdated="false" digits="0" id="0" name="lineid" nullable="false" remarks="Line reference" size="19" type="int8">
            <parent column="id" foreignKey="routingconstraint_line_fkey" implied="false" onDeleteCascade="true" table="line"/>
         </column>
         <column autoUpdated="false" digits="0" id="1" name="stopareaid" nullable="false" remarks="Routing constraint reference" size="19" type="int8">
            <parent column="id" foreignKey="routingconstraint_stoparea_fkey" implied="false" onDeleteCascade="true" table="stoparea"/>
         </column>
         <index name="idx_rcli_li" unique="false">
            <column ascending="true" name="lineid"/>
         </index>
         <index name="idx_rcli_st" unique="false">
            <column ascending="true" name="stopareaid"/>
         </index>
         <index name="rl_unique_ass" unique="true">
            <column ascending="true" name="lineid"/>
            <column ascending="true" name="stopareaid"/>
         </index>
      </table>
      <table name="stoparea" remarks="StopArea" schema="chouette" type="TABLE">
         <column autoUpdated="true" defaultValue="nextval('stoparea_id_seq'::regclass)" digits="0" id="0" name="id" nullable="false" remarks="Internal identification" size="19" type="bigserial">
            <child column="stopareaid" foreignKey="aclk_area_fkey" implied="false" onDeleteCascade="true" table="accesslink"/>
            <child column="arrivalid" foreignKey="colk_endarea_fkey" implied="false" onDeleteCascade="true" table="connectionlink"/>
            <child column="departureid" foreignKey="colk_startarea_fkey" implied="false" onDeleteCascade="true" table="connectionlink"/>
            <child column="stopareaid" foreignKey="faci_area_fkey" implied="false" onDeleteCascade="true" table="facility"/>
            <child column="stopareaid" foreignKey="routingconstraint_stoparea_fkey" implied="false" onDeleteCascade="true" table="routingconstraints_lines"/>
            <child column="parentid" foreignKey="area_parent_fkey" implied="false" onDeleteCascade="false" table="stoparea"/>
            <child column="childid" foreignKey="stoparea_child_fkey" implied="false" onDeleteCascade="true" table="stopareastoparea"/>
            <child column="parentid" foreignKey="stoparea_parent_fkey" implied="false" onDeleteCascade="true" table="stopareastoparea"/>
            <child column="stopareaid" foreignKey="stoppoint_area_fkey" implied="false" onDeleteCascade="false" table="stoppoint"/>
         </column>
         <column autoUpdated="false" digits="0" id="1" name="objectid" nullable="false" remarks="Neptune identification" size="255" type="varchar"/>
         <column autoUpdated="false" digits="0" id="2" name="objectversion" nullable="true" remarks="Version of this object" size="10" type="int4"/>
         <column autoUpdated="false" digits="6" id="3" name="creationtime" nullable="true" remarks="Creation date and time" size="29" type="timestamp"/>
         <column autoUpdated="false" digits="0" id="4" name="creatorid" nullable="true" remarks="Creator identification" size="255" type="varchar"/>
         <column autoUpdated="false" digits="0" id="5" name="name" nullable="true" remarks="Name" size="255" type="varchar"/>
         <column autoUpdated="false" digits="0" id="6" name="comment" nullable="true" remarks="Comment" size="255" type="varchar"/>
         <column autoUpdated="false" digits="0" id="7" name="areatype" nullable="true" remarks="Type of Area : BoardingPosition, Quay, CommercialStopPoint, StopPlace or ITL)" size="255" type="varchar"/>
         <column autoUpdated="false" digits="0" id="8" name="registrationnumber" nullable="true" remarks="Registration number" size="255" type="varchar"/>
         <column autoUpdated="false" digits="0" id="9" name="nearesttopicname" nullable="true" remarks="Nearest topic name" size="255" type="varchar"/>
         <column autoUpdated="false" digits="0" id="10" name="farecode" nullable="true" remarks="Fare code" size="10" type="int4"/>
         <column autoUpdated="false" digits="16" id="11" name="longitude" nullable="true" remarks="Longitude" size="19" type="numeric"/>
         <column autoUpdated="false" digits="16" id="12" name="latitude" nullable="true" remarks="Latitude" size="19" type="numeric"/>
         <column autoUpdated="false" digits="0" id="13" name="longlattype" nullable="true" remarks="Model used for Longitude and Latitude (Standard, WGS84 or WGS92)" size="255" type="varchar"/>
         <column autoUpdated="false" digits="2" id="14" name="x" nullable="true" remarks="X coordinate" size="19" type="numeric"/>
         <column autoUpdated="false" digits="2" id="15" name="y" nullable="true" remarks="Y coordinate" size="19" type="numeric"/>
         <column autoUpdated="false" digits="0" id="16" name="projectiontype" nullable="true" remarks="Projection used for coordinates" size="255" type="varchar"/>
         <column autoUpdated="false" digits="0" id="17" name="countrycode" nullable="true" remarks="Zip code" size="255" type="varchar"/>
         <column autoUpdated="false" digits="0" id="18" name="streetname" nullable="true" remarks="Address" size="255" type="varchar"/>
         <column autoUpdated="false" digits="0" id="19" name="parentid" nullable="true" remarks="(deprecated) Main parent StopArea internal id for v1.6 compatibility" size="19" type="int8">
            <parent column="id" foreignKey="area_parent_fkey" implied="false" onDeleteCascade="false" table="stoparea"/>
         </column>
         <primaryKey column="id" sequenceNumberInPK="1"/>
         <index name="stoparea_pkey" unique="true">
            <column ascending="true" name="id"/>
         </index>
         <index name="areatype" unique="false">
            <column ascending="true" name="areatype"/>
         </index>
         <index name="coordinates" unique="false">
            <column ascending="true" name="longitude"/>
            <column ascending="true" name="latitude"/>
         </index>
         <index name="stoparea_objectid_key" unique="true">
            <column ascending="true" name="objectid"/>
         </index>
      </table>
      <table name="stopareastoparea" remarks="StopArea hierarchical graph" schema="chouette" type="TABLE">
         <column autoUpdated="false" digits="0" id="0" name="parentid" nullable="false" remarks="Parent reference in hierarchy" size="19" type="int8">
            <parent column="id" foreignKey="stoparea_parent_fkey" implied="false" onDeleteCascade="true" table="stoparea"/>
         </column>
         <column autoUpdated="false" digits="0" id="1" name="childid" nullable="false" remarks="Child reference in hierarchy" size="19" type="int8">
            <parent column="id" foreignKey="stoparea_child_fkey" implied="false" onDeleteCascade="true" table="stoparea"/>
         </column>
         <index name="idx_stoparea_child" unique="false">
            <column ascending="true" name="childid"/>
            <column ascending="true" name="parentid"/>
         </index>
      </table>
      <table name="stoppoint" remarks="stop point on route" schema="chouette" type="TABLE">
         <column autoUpdated="true" defaultValue="nextval('stoppoint_id_seq'::regclass)" digits="0" id="0" name="id" nullable="false" remarks="Internal identification" size="19" type="bigserial">
            <child column="stoppointid" foreignKey="faci_stpt_fkey" implied="false" onDeleteCascade="true" table="facility"/>
            <child column="stoppointid" foreignKey="jpsp_stoppoint_fkey" implied="false" onDeleteCascade="true" table="journeypattern_stoppoint"/>
            <child column="endoflinkid" foreignKey="ptlk_endstpt_fkey" implied="false" onDeleteCascade="false" table="ptlink"/>
            <child column="startoflinkid" foreignKey="ptlk_startstpt_fkey" implied="false" onDeleteCascade="false" table="ptlink"/>
            <child column="stoppointid" foreignKey="vjas_sp_fkey" implied="false" onDeleteCascade="true" table="vehiclejourneyatstop"/>
         </column>
         <column autoUpdated="false" digits="0" id="1" name="objectid" nullable="false" remarks="Neptune identification" size="255" type="varchar"/>
         <column autoUpdated="false" digits="0" id="2" name="objectversion" nullable="true" remarks="Version of this object" size="10" type="int4"/>
         <column autoUpdated="false" digits="6" id="3" name="creationtime" nullable="true" remarks="Creation date and time" size="29" type="timestamp"/>
         <column autoUpdated="false" digits="0" id="4" name="creatorid" nullable="true" remarks="Creator identification" size="255" type="varchar"/>
         <column autoUpdated="false" digits="0" id="5" name="position" nullable="true" remarks="Rank of stop point in route" size="10" type="int4"/>
         <column autoUpdated="false" digits="0" id="6" name="stopareaid" nullable="true" remarks="StopArea reference" size="19" type="int8">
            <parent column="id" foreignKey="stoppoint_area_fkey" implied="false" onDeleteCascade="false" table="stoparea"/>
         </column>
         <column autoUpdated="false" digits="0" id="7" name="routeid" nullable="true" remarks="Route reference" size="19" type="int8">
            <parent column="id" foreignKey="stoppoint_route_fkey" implied="false" onDeleteCascade="true" table="route"/>
         </column>
         <primaryKey column="id" sequenceNumberInPK="1"/>
         <index name="stoppoint_pkey" unique="true">
            <column ascending="true" name="id"/>
         </index>
         <index name="stoppoint_objectid_key" unique="true">
            <column ascending="true" name="objectid"/>
         </index>
      </table>
      <table name="timeslot" remarks="time slot" schema="chouette" type="TABLE">
         <column autoUpdated="true" defaultValue="nextval('timeslot_id_seq'::regclass)" digits="0" id="0" name="id" nullable="false" remarks="Internal identification" size="19" type="bigserial">
            <child column="timeslotid" foreignKey="vj_timeslot_fkey" implied="false" onDeleteCascade="false" table="vehiclejourney"/>
         </column>
         <column autoUpdated="false" digits="0" id="1" name="objectid" nullable="false" remarks="Neptune identification" size="255" type="varchar"/>
         <column autoUpdated="false" defaultValue="1" digits="0" id="2" name="objectversion" nullable="true" remarks="Version of this object" size="10" type="int4"/>
         <column autoUpdated="false" digits="0" id="3" name="creationtime" nullable="true" remarks="Creation date and time" size="13" type="date"/>
         <column autoUpdated="false" digits="0" id="4" name="creatorid" nullable="true" remarks="Creator identification" size="255" type="varchar"/>
         <column autoUpdated="false" digits="0" id="5" name="name" nullable="true" remarks="Name" size="255" type="varchar"/>
         <column autoUpdated="false" digits="6" id="6" name="beginningslottime" nullable="true" remarks="Beginning slot time" size="15" type="time"/>
         <column autoUpdated="false" digits="6" id="7" name="endslottime" nullable="true" remarks="End slot time" size="15" type="time"/>
         <column autoUpdated="false" digits="6" id="8" name="firstdeparturetimeinslot" nullable="true" remarks="First departure time in slot" size="15" type="time"/>
         <column autoUpdated="false" digits="6" id="9" name="lastdeparturetimeinslot" nullable="true" remarks="Last departure time in slot" size="15" type="time"/>
         <primaryKey column="id" sequenceNumberInPK="1"/>
         <index name="timeslot_pkey" unique="true">
            <column ascending="true" name="id"/>
         </index>
      </table>
      <table name="timetable" remarks="Timetables" schema="chouette" type="TABLE">
         <column autoUpdated="true" defaultValue="nextval('timetable_id_seq'::regclass)" digits="0" id="0" name="id" nullable="false" remarks="Internal identification" size="19" type="bigserial">
            <child column="timetableid" foreignKey="tm_date_fkey" implied="false" onDeleteCascade="true" table="timetable_date"/>
            <child column="timetableid" foreignKey="tm_period_fkey" implied="false" onDeleteCascade="true" table="timetable_period"/>
            <child column="timetableid" foreignKey="vjtm_tm_fkey" implied="false" onDeleteCascade="true" table="timetablevehiclejourney"/>
         </column>
         <column autoUpdated="false" digits="0" id="1" name="objectid" nullable="false" remarks="Neptune identification" size="255" type="varchar"/>
         <column autoUpdated="false" digits="0" id="2" name="objectversion" nullable="true" remarks="Version of this object" size="10" type="int4"/>
         <column autoUpdated="false" digits="6" id="3" name="creationtime" nullable="true" remarks="Creation date and time" size="29" type="timestamp"/>
         <column autoUpdated="false" digits="0" id="4" name="creatorid" nullable="true" remarks="Creator identification" size="255" type="varchar"/>
         <column autoUpdated="false" digits="0" id="5" name="comment" nullable="true" remarks="Comment" size="255" type="varchar"/>
         <column autoUpdated="false" digits="0" id="6" name="version" nullable="true" remarks="version" size="255" type="varchar"/>
         <column autoUpdated="false" digits="0" id="7" name="intdaytypes" nullable="true" remarks="coded DayTypeEnum list (Monday,Tuesday, ...)" size="10" type="int4"/>
         <primaryKey column="id" sequenceNumberInPK="1"/>
         <index name="timetable_pkey" unique="true">
            <column ascending="true" name="id"/>
         </index>
         <index name="timetable_objectid_key" unique="true">
            <column ascending="true" name="objectid"/>
         </index>
      </table>
      <table name="timetable_date" remarks="Applicable Calendar days for Timetable" schema="chouette" type="TABLE">
         <column autoUpdated="false" digits="0" id="0" name="timetableid" nullable="false" remarks="timetable foreign key" size="19" type="int8">
            <parent column="id" foreignKey="tm_date_fkey" implied="false" onDeleteCascade="true" table="timetable"/>
         </column>
         <column autoUpdated="false" digits="0" id="1" name="date" nullable="true" remarks="calendar date" size="13" type="date"/>
         <column autoUpdated="false" digits="0" id="2" name="position" nullable="false" remarks="order of date" size="10" type="int4"/>
         <primaryKey column="timetableid" sequenceNumberInPK="1"/>
         <primaryKey column="position" sequenceNumberInPK="2"/>
         <index name="timetable_date_pkey" unique="true">
            <column ascending="true" name="timetableid"/>
            <column ascending="true" name="position"/>
         </index>
      </table>
      <table name="timetable_period" remarks="Applicable Periods for Timetable" schema="chouette" type="TABLE">
         <column autoUpdated="false" digits="0" id="0" name="timetableid" nullable="false" remarks="timetable foreign key" size="19" type="int8">
            <parent column="id" foreignKey="tm_period_fkey" implied="false" onDeleteCascade="true" table="timetable"/>
         </column>
         <column autoUpdated="false" digits="0" id="1" name="periodstart" nullable="true" remarks="start date of period" size="13" type="date"/>
         <column autoUpdated="false" digits="0" id="2" name="periodend" nullable="true" remarks="end date of period" size="13" type="date"/>
         <column autoUpdated="false" digits="0" id="3" name="position" nullable="false" remarks="order of date" size="10" type="int4"/>
         <primaryKey column="timetableid" sequenceNumberInPK="1"/>
         <primaryKey column="position" sequenceNumberInPK="2"/>
         <index name="timetable_period_pkey" unique="true">
            <column ascending="true" name="timetableid"/>
            <column ascending="true" name="position"/>
         </index>
      </table>
      <table name="timetablevehiclejourney" remarks="Timetable on Vehicle journeys cross reference" schema="chouette" type="TABLE">
         <column autoUpdated="false" digits="0" id="0" name="timetableid" nullable="false" remarks="Timetable foreign key" size="19" type="int8">
            <parent column="id" foreignKey="vjtm_tm_fkey" implied="false" onDeleteCascade="true" table="timetable"/>
         </column>
         <column autoUpdated="false" digits="0" id="1" name="vehiclejourneyid" nullable="false" remarks="VehicleJourney foreign key" size="19" type="int8">
            <parent column="id" foreignKey="vjtm_vj_fkey" implied="false" onDeleteCascade="true" table="vehiclejourney"/>
         </column>
         <primaryKey column="timetableid" sequenceNumberInPK="1"/>
         <primaryKey column="vehiclejourneyid" sequenceNumberInPK="2"/>
         <index name="timetablevehiclejourney_pkey" unique="true">
            <column ascending="true" name="timetableid"/>
            <column ascending="true" name="vehiclejourneyid"/>
         </index>
      </table>
      <table name="vehiclejourney" remarks="Vehicle journey" schema="chouette" type="TABLE">
         <column autoUpdated="true" defaultValue="nextval('vehiclejourney_id_seq'::regclass)" digits="0" id="0" name="id" nullable="false" remarks="Internal identification" size="19" type="bigserial">
            <child column="vehiclejourneyid" foreignKey="vjtm_vj_fkey" implied="false" onDeleteCascade="true" table="timetablevehiclejourney"/>
            <child column="vehiclejourneyid" foreignKey="vjas_vj_fkey" implied="false" onDeleteCascade="true" table="vehiclejourneyatstop"/>
         </column>
         <column autoUpdated="false" digits="0" id="1" name="objectid" nullable="false" remarks="Neptune identification" size="255" type="varchar"/>
         <column autoUpdated="false" digits="0" id="2" name="objectversion" nullable="true" remarks="Version of this object" size="10" type="int4"/>
         <column autoUpdated="false" digits="6" id="3" name="creationtime" nullable="true" remarks="Creation date and time" size="29" type="timestamp"/>
         <column autoUpdated="false" digits="0" id="4" name="creatorid" nullable="true" remarks="Creator identification" size="255" type="varchar"/>
         <column autoUpdated="false" digits="0" id="5" name="comment" nullable="true" remarks="Comment" size="255" type="varchar"/>
         <column autoUpdated="false" digits="0" id="6" name="statusvalue" nullable="true" remarks="Service Status" size="255" type="varchar"/>
         <column autoUpdated="false" digits="0" id="7" name="transportmode" nullable="true" remarks="Transport mode" size="255" type="varchar"/>
         <column autoUpdated="false" digits="0" id="8" name="publishedjourneyname" nullable="true" remarks="Name for travelers" size="255" type="varchar"/>
         <column autoUpdated="false" digits="0" id="9" name="publishedjourneyidentifier" nullable="true" remarks="Identifier for travelers" size="255" type="varchar"/>
         <column autoUpdated="false" digits="0" id="10" name="facility" nullable="true" remarks="facility" size="255" type="varchar"/>
         <column autoUpdated="false" digits="0" id="11" name="vehicletypeidentifier" nullable="true" remarks="Vehicle type" size="255" type="varchar"/>
         <column autoUpdated="false" digits="0" id="12" name="number" nullable="true" remarks="Number of the vehicle journey" size="19" type="int8"/>
         <column autoUpdated="false" digits="0" id="13" name="routeid" nullable="true" remarks="Route foreign key" size="19" type="int8">
            <parent column="id" foreignKey="vj_route_fkey" implied="false" onDeleteCascade="true" table="route"/>
         </column>
         <column autoUpdated="false" digits="0" id="14" name="journeypatternid" nullable="true" remarks="JourneyPattern foreign key" size="19" type="int8">
            <parent column="id" foreignKey="vj_jp_fkey" implied="false" onDeleteCascade="true" table="journeypattern"/>
         </column>
         <column autoUpdated="false" digits="0" id="15" name="timeslotid" nullable="true" remarks="TimeSlot foreign key" size="19" type="int8">
            <parent column="id" foreignKey="vj_timeslot_fkey" implied="false" onDeleteCascade="false" table="timeslot"/>
         </column>
         <column autoUpdated="false" digits="0" id="16" name="companyid" nullable="true" remarks="Company foreign key" size="19" type="int8">
            <parent column="id" foreignKey="vj_company_fkey" implied="false" onDeleteCascade="false" table="company"/>
         </column>
         <primaryKey column="id" sequenceNumberInPK="1"/>
         <index name="vehiclejourney_pkey" unique="true">
            <column ascending="true" name="id"/>
         </index>
         <index name="vehiclejourney_objectid_key" unique="true">
            <column ascending="true" name="objectid"/>
         </index>
      </table>
      <table name="vehiclejourneyatstop" remarks="Vehicle Journey at Stop" schema="chouette" type="TABLE">
         <column autoUpdated="false" digits="0" id="0" name="vehiclejourneyid" nullable="false" remarks="VehicleJourney foreign key (1st part of primary key)" size="19" type="int8">
            <parent column="id" foreignKey="vjas_vj_fkey" implied="false" onDeleteCascade="true" table="vehiclejourney"/>
         </column>
         <column autoUpdated="false" digits="0" id="1" name="stoppointid" nullable="false" remarks="StopPoint foreign key (2nd part of primary key)" size="19" type="int8">
            <parent column="id" foreignKey="vjas_sp_fkey" implied="false" onDeleteCascade="true" table="stoppoint"/>
         </column>
         <column autoUpdated="false" digits="0" id="2" name="connectingserviceid" nullable="true" remarks="connectingServiceId" size="255" type="varchar"/>
         <column autoUpdated="false" digits="0" id="3" name="boardingalightingpossibility" nullable="true" remarks="boardingAlightingPossibility" size="255" type="varchar"/>
         <column autoUpdated="false" digits="0" id="4" name="position" nullable="true" remarks="order in JourneyPattern" size="19" type="int8"/>
         <column autoUpdated="false" digits="6" id="5" name="arrivaltime" nullable="true" remarks="Arrival time" size="15" type="time"/>
         <column autoUpdated="false" digits="6" id="6" name="departuretime" nullable="true" remarks="Departure time" size="15" type="time"/>
         <column autoUpdated="false" digits="6" id="7" name="waitingtime" nullable="true" remarks="Waiting time" size="15" type="time"/>
         <column autoUpdated="false" digits="6" id="8" name="elapseduration" nullable="true" remarks="elapse duration" size="15" type="time"/>
         <column autoUpdated="false" digits="6" id="9" name="headwayfrequency" nullable="true" remarks="headway frequency" size="15" type="time"/>
         <column autoUpdated="false" defaultValue="false" digits="0" id="10" name="isdeparture" nullable="true" remarks="First stop of the vehicle journey" size="1" type="bool"/>
         <column autoUpdated="false" defaultValue="false" digits="0" id="11" name="isarrival" nullable="true" remarks="Last stop of the vehicle journey" size="1" type="bool"/>
         <primaryKey column="vehiclejourneyid" sequenceNumberInPK="1"/>
         <primaryKey column="stoppointid" sequenceNumberInPK="2"/>
         <index name="vehiclejourneyatstop_pkey" unique="true">
            <column ascending="true" name="vehiclejourneyid"/>
            <column ascending="true" name="stoppointid"/>
         </index>
      </table>
   </tables>
</database>
